{"RPT":{"ScanTime":"0.04 sec.","ScanFile":"20190121_responsiblesoy_65e8c2c62e0a40062552_20190206031449_scan.json","Warnings":0,"Success":6},"SRV":{"PHP":{"websrv":true,"openbase":true,"maxtime":true,"mysqli":true,"version":true,"ALL":"Good"},"WP":{"version":true,"core":true,"ismu":false,"ALL":"Good"}},"ARC":{"Size":"0B","DirCount":"0","FileCount":"0","FullCount":"0","FilterDirsAll":["C:\/Users\/Andres\/Virtualhost\/respsoy\/wp-content\/ai1wm-backups","C:\/Users\/Andres\/Virtualhost\/respsoy\/wp-content\/backups-dup-pro","C:\/Users\/Andres\/Virtualhost\/respsoy\/wp-content\/backupwordpress","C:\/Users\/Andres\/Virtualhost\/respsoy\/wp-content\/cache","C:\/Users\/Andres\/Virtualhost\/respsoy\/wp-content\/content\/cache","C:\/Users\/Andres\/Virtualhost\/respsoy\/wp-content\/contents\/cache","C:\/Users\/Andres\/Virtualhost\/respsoy\/wp-content\/infinitewp\/backups","C:\/Users\/Andres\/Virtualhost\/respsoy\/wp-content\/managewp\/backups","C:\/Users\/Andres\/Virtualhost\/respsoy\/wp-content\/old-cache","C:\/Users\/Andres\/Virtualhost\/respsoy\/wp-content\/plugins\/all-in-one-wp-migration\/storage","C:\/Users\/Andres\/Virtualhost\/respsoy\/wp-content\/updraft","C:\/Users\/Andres\/Virtualhost\/respsoy\/wp-content\/uploads\/aiowps_backups","C:\/Users\/Andres\/Virtualhost\/respsoy\/wp-content\/uploads\/backupbuddy_backups","C:\/Users\/Andres\/Virtualhost\/respsoy\/wp-content\/uploads\/backupbuddy_temp","C:\/Users\/Andres\/Virtualhost\/respsoy\/wp-content\/uploads\/ithemes-security\/backups","C:\/Users\/Andres\/Virtualhost\/respsoy\/wp-content\/uploads\/mainwp\/backup","C:\/Users\/Andres\/Virtualhost\/respsoy\/wp-content\/uploads\/pb_backupbuddy","C:\/Users\/Andres\/Virtualhost\/respsoy\/wp-content\/uploads\/snapshots","C:\/Users\/Andres\/Virtualhost\/respsoy\/wp-content\/uploads\/sucuri","C:\/Users\/Andres\/Virtualhost\/respsoy\/wp-content\/uploads\/wp-clone","C:\/Users\/Andres\/Virtualhost\/respsoy\/wp-content\/uploads\/wp_all_backup","C:\/Users\/Andres\/Virtualhost\/respsoy\/wp-content\/uploads\/wpbackitup_backups","C:\/Users\/Andres\/Virtualhost\/respsoy\/wp-content\/wfcache","C:\/Users\/Andres\/Virtualhost\/respsoy\/wp-content\/wishlist-backup","C:\/Users\/Andres\/Virtualhost\/respsoy\/wp-snapshots"],"FilterFilesAll":["error_log","error.log","debug_log","ws_ftp.log","dbcache","pgcache","objectcache",".DS_Store","C:\/Users\/Andres\/Virtualhost\/respsoy\/.htaccess","C:\/Users\/Andres\/Virtualhost\/respsoy\/web.config","C:\/Users\/Andres\/Virtualhost\/respsoy\/wp-config.php"],"FilterExtsAll":[],"FilterInfo":{"Dirs":{"Warning":[],"Unreadable":[],"Core":["C:\/Users\/Andres\/Virtualhost\/respsoy\/wp-snapshots","C:\/Users\/Andres\/Virtualhost\/respsoy\/wp-content\/backups-dup-pro","C:\/Users\/Andres\/Virtualhost\/respsoy\/wp-content\/ai1wm-backups","C:\/Users\/Andres\/Virtualhost\/respsoy\/wp-content\/backupwordpress","C:\/Users\/Andres\/Virtualhost\/respsoy\/wp-content\/content\/cache","C:\/Users\/Andres\/Virtualhost\/respsoy\/wp-content\/contents\/cache","C:\/Users\/Andres\/Virtualhost\/respsoy\/wp-content\/infinitewp\/backups","C:\/Users\/Andres\/Virtualhost\/respsoy\/wp-content\/managewp\/backups","C:\/Users\/Andres\/Virtualhost\/respsoy\/wp-content\/old-cache","C:\/Users\/Andres\/Virtualhost\/respsoy\/wp-content\/plugins\/all-in-one-wp-migration\/storage","C:\/Users\/Andres\/Virtualhost\/respsoy\/wp-content\/updraft","C:\/Users\/Andres\/Virtualhost\/respsoy\/wp-content\/wishlist-backup","C:\/Users\/Andres\/Virtualhost\/respsoy\/wp-content\/wfcache","C:\/Users\/Andres\/Virtualhost\/respsoy\/wp-content\/cache","C:\/Users\/Andres\/Virtualhost\/respsoy\/wp-content\/uploads\/aiowps_backups","C:\/Users\/Andres\/Virtualhost\/respsoy\/wp-content\/uploads\/backupbuddy_temp","C:\/Users\/Andres\/Virtualhost\/respsoy\/wp-content\/uploads\/backupbuddy_backups","C:\/Users\/Andres\/Virtualhost\/respsoy\/wp-content\/uploads\/ithemes-security\/backups","C:\/Users\/Andres\/Virtualhost\/respsoy\/wp-content\/uploads\/mainwp\/backup","C:\/Users\/Andres\/Virtualhost\/respsoy\/wp-content\/uploads\/pb_backupbuddy","C:\/Users\/Andres\/Virtualhost\/respsoy\/wp-content\/uploads\/snapshots","C:\/Users\/Andres\/Virtualhost\/respsoy\/wp-content\/uploads\/sucuri","C:\/Users\/Andres\/Virtualhost\/respsoy\/wp-content\/uploads\/wp-clone","C:\/Users\/Andres\/Virtualhost\/respsoy\/wp-content\/uploads\/wp_all_backup","C:\/Users\/Andres\/Virtualhost\/respsoy\/wp-content\/uploads\/wpbackitup_backups"],"Global":[],"Instance":[]},"Files":{"Size":[],"Warning":[],"Unreadable":[],"Core":[],"Global":["error_log","error.log","debug_log","ws_ftp.log","dbcache","pgcache","objectcache",".DS_Store"],"Instance":[]},"Exts":{"Core":[],"Global":[],"Instance":[]},"UDirCount":0,"UFileCount":0,"UExtCount":0,"TreeSize":[],"TreeWarning":[]},"RecursiveLinks":[],"UnreadableItems":[],"Status":{"Size":"Good","Names":"Good","UnreadableItems":"Good","AddonSites":"Good"},"Dirs":[],"Files":[]},"DB":{"Status":{"Success":true,"DB_Case":"Good","DB_Rows":"Good","DB_Size":"Good","TBL_Case":"Good","TBL_Rows":"Good","TBL_Size":"Good"},"Size":"9.67MB","Rows":"1,131","TableCount":20,"TableList":{"rs_commentmeta":{"Case":0,"Rows":"0","Size":"48KB","USize":49152},"rs_comments":{"Case":0,"Rows":"1","Size":"96KB","USize":98304},"rs_duplicator_packages":{"Case":0,"Rows":"7","Size":"80KB","USize":81920},"rs_links":{"Case":0,"Rows":"0","Size":"32KB","USize":32768},"rs_options":{"Case":0,"Rows":"350","Size":"7.08MB","USize":7421952},"rs_postmeta":{"Case":0,"Rows":"256","Size":"112KB","USize":114688},"rs_posts":{"Case":0,"Rows":"170","Size":"1.58MB","USize":1654784},"rs_revslider_css":{"Case":0,"Rows":"109","Size":"128KB","USize":131072},"rs_revslider_layer_animations":{"Case":0,"Rows":"0","Size":"16KB","USize":16384},"rs_revslider_navigations":{"Case":0,"Rows":"0","Size":"16KB","USize":16384},"rs_revslider_sliders":{"Case":0,"Rows":"1","Size":"32KB","USize":32768},"rs_revslider_slides":{"Case":0,"Rows":"3","Size":"144KB","USize":147456},"rs_revslider_static_slides":{"Case":0,"Rows":"0","Size":"16KB","USize":16384},"rs_term_relationships":{"Case":0,"Rows":"60","Size":"32KB","USize":32768},"rs_term_taxonomy":{"Case":0,"Rows":"54","Size":"48KB","USize":49152},"rs_termmeta":{"Case":0,"Rows":"25","Size":"48KB","USize":49152},"rs_terms":{"Case":0,"Rows":"54","Size":"48KB","USize":49152},"rs_toolset_post_guid_id":{"Case":0,"Rows":"0","Size":"32KB","USize":32768},"rs_usermeta":{"Case":0,"Rows":"41","Size":"48KB","USize":49152},"rs_users":{"Case":0,"Rows":"0","Size":"64KB","USize":65536}},"RawSize":10141696},"LL":{"TotalSize":"9.67MB","Status":{"TotalSize":"Good"}}}