{
    "RPT": {
        "ScanTime": "0.18 sec.",
        "ScanFile": "20190412_responsiblesoy_354d3067d2a898e22223_20190517150341_scan.json",
        "Warnings": 0,
        "Success": 6
    },
    "SRV": {
        "PHP": {
            "websrv": true,
            "openbase": true,
            "maxtime": true,
            "mysqli": true,
            "version": true,
            "ALL": "Good"
        },
        "WP": {
            "version": true,
            "core": true,
            "ismu": false,
            "ALL": "Good"
        }
    },
    "ARC": {
        "Size": "0B",
        "DirCount": "0",
        "FileCount": "0",
        "FullCount": "0",
        "FilterDirsAll": [
            "C:\/Users\/Andres\/Virtualhost\/respsoy\/wp-content\/ai1wm-backups",
            "C:\/Users\/Andres\/Virtualhost\/respsoy\/wp-content\/backups-dup-pro",
            "C:\/Users\/Andres\/Virtualhost\/respsoy\/wp-content\/backupwordpress",
            "C:\/Users\/Andres\/Virtualhost\/respsoy\/wp-content\/cache",
            "C:\/Users\/Andres\/Virtualhost\/respsoy\/wp-content\/content\/cache",
            "C:\/Users\/Andres\/Virtualhost\/respsoy\/wp-content\/contents\/cache",
            "C:\/Users\/Andres\/Virtualhost\/respsoy\/wp-content\/infinitewp\/backups",
            "C:\/Users\/Andres\/Virtualhost\/respsoy\/wp-content\/managewp\/backups",
            "C:\/Users\/Andres\/Virtualhost\/respsoy\/wp-content\/old-cache",
            "C:\/Users\/Andres\/Virtualhost\/respsoy\/wp-content\/plugins\/all-in-one-wp-migration\/storage",
            "C:\/Users\/Andres\/Virtualhost\/respsoy\/wp-content\/updraft",
            "C:\/Users\/Andres\/Virtualhost\/respsoy\/wp-content\/uploads\/aiowps_backups",
            "C:\/Users\/Andres\/Virtualhost\/respsoy\/wp-content\/uploads\/backupbuddy_backups",
            "C:\/Users\/Andres\/Virtualhost\/respsoy\/wp-content\/uploads\/backupbuddy_temp",
            "C:\/Users\/Andres\/Virtualhost\/respsoy\/wp-content\/uploads\/ithemes-security\/backups",
            "C:\/Users\/Andres\/Virtualhost\/respsoy\/wp-content\/uploads\/mainwp\/backup",
            "C:\/Users\/Andres\/Virtualhost\/respsoy\/wp-content\/uploads\/pb_backupbuddy",
            "C:\/Users\/Andres\/Virtualhost\/respsoy\/wp-content\/uploads\/snapshots",
            "C:\/Users\/Andres\/Virtualhost\/respsoy\/wp-content\/uploads\/sucuri",
            "C:\/Users\/Andres\/Virtualhost\/respsoy\/wp-content\/uploads\/wp-clone",
            "C:\/Users\/Andres\/Virtualhost\/respsoy\/wp-content\/uploads\/wp_all_backup",
            "C:\/Users\/Andres\/Virtualhost\/respsoy\/wp-content\/uploads\/wpbackitup_backups",
            "C:\/Users\/Andres\/Virtualhost\/respsoy\/wp-content\/wfcache",
            "C:\/Users\/Andres\/Virtualhost\/respsoy\/wp-content\/wishlist-backup",
            "C:\/Users\/Andres\/Virtualhost\/respsoy\/wp-snapshots"
        ],
        "FilterFilesAll": [
            "error_log",
            "error.log",
            "debug_log",
            "ws_ftp.log",
            "dbcache",
            "pgcache",
            "objectcache",
            ".DS_Store",
            "C:\/Users\/Andres\/Virtualhost\/respsoy\/.htaccess",
            "C:\/Users\/Andres\/Virtualhost\/respsoy\/web.config",
            "C:\/Users\/Andres\/Virtualhost\/respsoy\/wp-config.php"
        ],
        "FilterExtsAll": [],
        "FilterInfo": {
            "Dirs": {
                "Warning": [],
                "Unreadable": [],
                "Core": [
                    "C:\/Users\/Andres\/Virtualhost\/respsoy\/wp-snapshots",
                    "C:\/Users\/Andres\/Virtualhost\/respsoy\/wp-content\/backups-dup-pro",
                    "C:\/Users\/Andres\/Virtualhost\/respsoy\/wp-content\/ai1wm-backups",
                    "C:\/Users\/Andres\/Virtualhost\/respsoy\/wp-content\/backupwordpress",
                    "C:\/Users\/Andres\/Virtualhost\/respsoy\/wp-content\/content\/cache",
                    "C:\/Users\/Andres\/Virtualhost\/respsoy\/wp-content\/contents\/cache",
                    "C:\/Users\/Andres\/Virtualhost\/respsoy\/wp-content\/infinitewp\/backups",
                    "C:\/Users\/Andres\/Virtualhost\/respsoy\/wp-content\/managewp\/backups",
                    "C:\/Users\/Andres\/Virtualhost\/respsoy\/wp-content\/old-cache",
                    "C:\/Users\/Andres\/Virtualhost\/respsoy\/wp-content\/plugins\/all-in-one-wp-migration\/storage",
                    "C:\/Users\/Andres\/Virtualhost\/respsoy\/wp-content\/updraft",
                    "C:\/Users\/Andres\/Virtualhost\/respsoy\/wp-content\/wishlist-backup",
                    "C:\/Users\/Andres\/Virtualhost\/respsoy\/wp-content\/wfcache",
                    "C:\/Users\/Andres\/Virtualhost\/respsoy\/wp-content\/cache",
                    "C:\/Users\/Andres\/Virtualhost\/respsoy\/wp-content\/uploads\/aiowps_backups",
                    "C:\/Users\/Andres\/Virtualhost\/respsoy\/wp-content\/uploads\/backupbuddy_temp",
                    "C:\/Users\/Andres\/Virtualhost\/respsoy\/wp-content\/uploads\/backupbuddy_backups",
                    "C:\/Users\/Andres\/Virtualhost\/respsoy\/wp-content\/uploads\/ithemes-security\/backups",
                    "C:\/Users\/Andres\/Virtualhost\/respsoy\/wp-content\/uploads\/mainwp\/backup",
                    "C:\/Users\/Andres\/Virtualhost\/respsoy\/wp-content\/uploads\/pb_backupbuddy",
                    "C:\/Users\/Andres\/Virtualhost\/respsoy\/wp-content\/uploads\/snapshots",
                    "C:\/Users\/Andres\/Virtualhost\/respsoy\/wp-content\/uploads\/sucuri",
                    "C:\/Users\/Andres\/Virtualhost\/respsoy\/wp-content\/uploads\/wp-clone",
                    "C:\/Users\/Andres\/Virtualhost\/respsoy\/wp-content\/uploads\/wp_all_backup",
                    "C:\/Users\/Andres\/Virtualhost\/respsoy\/wp-content\/uploads\/wpbackitup_backups"
                ],
                "Global": [],
                "Instance": []
            },
            "Files": {
                "Size": [],
                "Warning": [],
                "Unreadable": [],
                "Core": [],
                "Global": [
                    "error_log",
                    "error.log",
                    "debug_log",
                    "ws_ftp.log",
                    "dbcache",
                    "pgcache",
                    "objectcache",
                    ".DS_Store"
                ],
                "Instance": []
            },
            "Exts": {
                "Core": [],
                "Global": [],
                "Instance": []
            },
            "UDirCount": 0,
            "UFileCount": 0,
            "UExtCount": 0,
            "TreeSize": [],
            "TreeWarning": []
        },
        "RecursiveLinks": [],
        "UnreadableItems": [],
        "Status": {
            "Size": "Good",
            "Names": "Good",
            "UnreadableItems": "Good",
            "AddonSites": "Good"
        },
        "Dirs": [],
        "Files": []
    },
    "DB": {
        "Status": {
            "Success": true,
            "DB_Case": "Good",
            "DB_Rows": "Good",
            "DB_Size": "Good",
            "TBL_Case": "Good",
            "TBL_Rows": "Warn",
            "TBL_Size": "Warn"
        },
        "Size": "31.81MB",
        "Rows": "258,104",
        "TableCount": 46,
        "TableList": {
            "rs_commentmeta": {
                "Case": 0,
                "Rows": "0",
                "Size": "48KB",
                "USize": 49152
            },
            "rs_comments": {
                "Case": 0,
                "Rows": "0",
                "Size": "96KB",
                "USize": 98304
            },
            "rs_duplicator_packages": {
                "Case": 0,
                "Rows": "8",
                "Size": "112KB",
                "USize": 114688
            },
            "rs_eg_grids": {
                "Case": 0,
                "Rows": "1",
                "Size": "32KB",
                "USize": 32768
            },
            "rs_eg_item_elements": {
                "Case": 0,
                "Rows": "0",
                "Size": "32KB",
                "USize": 32768
            },
            "rs_eg_item_skins": {
                "Case": 0,
                "Rows": "12",
                "Size": "272KB",
                "USize": 278528
            },
            "rs_eg_navigation_skins": {
                "Case": 0,
                "Rows": "8",
                "Size": "80KB",
                "USize": 81920
            },
            "rs_icl_content_status": {
                "Case": 0,
                "Rows": "0",
                "Size": "32KB",
                "USize": 32768
            },
            "rs_icl_core_status": {
                "Case": 0,
                "Rows": "0",
                "Size": "32KB",
                "USize": 32768
            },
            "rs_icl_flags": {
                "Case": 0,
                "Rows": "64",
                "Size": "32KB",
                "USize": 32768
            },
            "rs_icl_languages": {
                "Case": 0,
                "Rows": "64",
                "Size": "48KB",
                "USize": 49152
            },
            "rs_icl_languages_translations": {
                "Case": 0,
                "Rows": "4,096",
                "Size": "304KB",
                "USize": 311296
            },
            "rs_icl_locale_map": {
                "Case": 0,
                "Rows": "3",
                "Size": "16KB",
                "USize": 16384
            },
            "rs_icl_message_status": {
                "Case": 0,
                "Rows": "0",
                "Size": "48KB",
                "USize": 49152
            },
            "rs_icl_mo_files_domains": {
                "Case": 0,
                "Rows": "38",
                "Size": "32KB",
                "USize": 32768
            },
            "rs_icl_node": {
                "Case": 0,
                "Rows": "0",
                "Size": "16KB",
                "USize": 16384
            },
            "rs_icl_reminders": {
                "Case": 0,
                "Rows": "0",
                "Size": "16KB",
                "USize": 16384
            },
            "rs_icl_string_pages": {
                "Case": 0,
                "Rows": "196,310",
                "Size": "14.03MB",
                "USize": 14712832
            },
            "rs_icl_string_positions": {
                "Case": 0,
                "Rows": "0",
                "Size": "32KB",
                "USize": 32768
            },
            "rs_icl_string_status": {
                "Case": 0,
                "Rows": "0",
                "Size": "32KB",
                "USize": 32768
            },
            "rs_icl_string_translations": {
                "Case": 0,
                "Rows": "33,143",
                "Size": "5.03MB",
                "USize": 5275648
            },
            "rs_icl_string_urls": {
                "Case": 0,
                "Rows": "122",
                "Size": "32KB",
                "USize": 32768
            },
            "rs_icl_strings": {
                "Case": 0,
                "Rows": "21,946",
                "Size": "8.39MB",
                "USize": 8798208
            },
            "rs_icl_translate": {
                "Case": 0,
                "Rows": "0",
                "Size": "32KB",
                "USize": 32768
            },
            "rs_icl_translate_job": {
                "Case": 0,
                "Rows": "0",
                "Size": "32KB",
                "USize": 32768
            },
            "rs_icl_translation_batches": {
                "Case": 0,
                "Rows": "0",
                "Size": "16KB",
                "USize": 16384
            },
            "rs_icl_translation_status": {
                "Case": 0,
                "Rows": "0",
                "Size": "32KB",
                "USize": 32768
            },
            "rs_icl_translations": {
                "Case": 0,
                "Rows": "205",
                "Size": "80KB",
                "USize": 81920
            },
            "rs_links": {
                "Case": 0,
                "Rows": "0",
                "Size": "32KB",
                "USize": 32768
            },
            "rs_options": {
                "Case": 0,
                "Rows": "283",
                "Size": "1.39MB",
                "USize": 1458176
            },
            "rs_postmeta": {
                "Case": 0,
                "Rows": "1,218",
                "Size": "480KB",
                "USize": 491520
            },
            "rs_posts": {
                "Case": 0,
                "Rows": "178",
                "Size": "336KB",
                "USize": 344064
            },
            "rs_revisr": {
                "Case": 0,
                "Rows": "27",
                "Size": "16KB",
                "USize": 16384
            },
            "rs_revslider_css": {
                "Case": 0,
                "Rows": "109",
                "Size": "128KB",
                "USize": 131072
            },
            "rs_revslider_layer_animations": {
                "Case": 0,
                "Rows": "0",
                "Size": "16KB",
                "USize": 16384
            },
            "rs_revslider_navigations": {
                "Case": 0,
                "Rows": "0",
                "Size": "16KB",
                "USize": 16384
            },
            "rs_revslider_sliders": {
                "Case": 0,
                "Rows": "2",
                "Size": "48KB",
                "USize": 49152
            },
            "rs_revslider_slides": {
                "Case": 0,
                "Rows": "3",
                "Size": "96KB",
                "USize": 98304
            },
            "rs_revslider_static_slides": {
                "Case": 0,
                "Rows": "0",
                "Size": "16KB",
                "USize": 16384
            },
            "rs_term_relationships": {
                "Case": 0,
                "Rows": "66",
                "Size": "32KB",
                "USize": 32768
            },
            "rs_term_taxonomy": {
                "Case": 0,
                "Rows": "51",
                "Size": "48KB",
                "USize": 49152
            },
            "rs_termmeta": {
                "Case": 0,
                "Rows": "25",
                "Size": "48KB",
                "USize": 49152
            },
            "rs_terms": {
                "Case": 0,
                "Rows": "51",
                "Size": "48KB",
                "USize": 49152
            },
            "rs_toolset_post_guid_id": {
                "Case": 0,
                "Rows": "0",
                "Size": "32KB",
                "USize": 32768
            },
            "rs_usermeta": {
                "Case": 0,
                "Rows": "70",
                "Size": "48KB",
                "USize": 49152
            },
            "rs_users": {
                "Case": 0,
                "Rows": "1",
                "Size": "64KB",
                "USize": 65536
            }
        },
        "RawSize": 33357824
    },
    "LL": {
        "TotalSize": "31.81MB",
        "Status": {
            "TotalSize": "Good"
        }
    }
}